{"nb_sample":{"0":100,"1":1000,"2":2500,"3":5000},"distribution":{"0":[72.0,65.0,67.0,74.0,68.0,72.0,67.0,75.0,69.0,66.0,66.0,71.0,67.0,70.0,75.0,68.0,65.0,74.0,69.0,72.0,75.0,68.0,66.0,70.0,67.0,68.0,68.0,68.0,77.0,62.0,67.0,73.0,73.0,73.0,71.0,71.0,70.0,66.0,70.0,60.0,68.0,72.0,74.0,72.0,60.0,70.0,68.0,74.0,71.0,70.0,76.0,72.0,68.0,66.0,68.0,61.0,70.0,64.0,77.0,78.0,70.0,70.0,74.0,72.0,68.0,78.0,76.0,74.0,78.0,72.0,70.0,71.0,71.0,80.0,66.0,68.0,81.0,73.0,72.0,66.0,67.0,70.0,72.0,79.0,68.0,69.0,80.0,71.0,76.0,74.0,72.0,74.0,64.0,72.0,72.0,71.0,68.0,75.0,69.0,73.0],"1":[70.5,73.0,71.0,71.0,71.2,70.7,72.2,68.8,71.9,73.7,71.9,68.5,71.6,71.6,70.6,67.5,70.6,71.4,71.5,71.6,70.5,70.7,68.8,72.3,70.7,72.3,71.2,72.7,70.1,69.8,72.6,72.4,70.8,72.3,69.7,70.0,69.1,73.9,73.7,71.9,73.4,70.9,73.6,70.8,72.4,71.1,71.8,72.9,71.7,70.4,69.5,67.8,71.4,70.3,73.7,71.0,72.1,69.6,70.3,72.4,71.0,70.1,70.0,71.7,72.4,72.1,69.6,69.4,72.1,67.8,72.2,70.5,71.7,70.6,70.6,70.9,71.4,69.2,72.2,72.7,68.7,71.2,71.4,73.1,71.1,70.2,70.2,71.7,68.1,71.3,71.5,71.5,74.5,70.4,70.6,70.0,71.9,71.2,68.9,69.5],"2":[70.96,70.92,69.6,70.04,70.56,71.2,72.04,71.2,71.08,72.08,70.32,70.84,71.12,71.6,72.68,71.24,70.36,71.08,69.28,69.64,69.64,69.44,71.32,71.72,72.96,72.44,70.56,72.88,69.96,71.6,69.16,69.04,70.76,70.2,72.12,71.68,70.32,71.24,70.92,71.36,70.56,72.88,70.76,69.0,70.48,72.12,70.88,71.4,70.96,71.96,72.12,72.64,71.16,71.4,72.68,70.36,71.04,72.24,69.84,70.2,71.28,71.44,70.28,70.0,72.64,72.04,70.56,69.4,72.56,71.8,69.84,72.2,70.84,70.96,71.68,71.4,70.88,70.88,70.8,70.32,71.08,70.76,70.8,71.56,70.48,70.64,68.96,71.88,70.68,71.36,69.48,70.64,69.36,71.32,70.4,70.88,71.6,71.24,69.72,70.6],"3":[70.98,70.72,70.86,70.94,70.22,71.44,71.06,69.72,71.22,71.24,71.24,70.44,70.5,70.68,71.68,71.28,70.64,71.02,71.52,70.4,71.64,71.2,70.98,70.68,71.2,71.84,70.8,70.38,71.28,70.9,70.92,71.34,70.02,70.7,71.36,71.44,69.54,70.26,70.54,71.06,71.6,71.76,70.8,70.9,70.84,71.72,71.42,70.0,70.8,70.68,70.46,71.12,71.76,70.66,70.7,70.96,70.58,71.54,70.62,71.74,71.98,71.3,71.68,70.24,70.44,71.38,71.02,71.22,72.2,71.78,70.94,71.18,71.0,71.9,71.44,71.34,70.28,71.38,71.44,71.28,69.78,71.44,70.26,71.08,69.96,70.42,70.12,70.74,71.28,70.5,70.46,71.18,69.9,72.18,70.34,70.46,71.2,70.12,72.04,71.38]},"mean":{"0":70.6,"1":71.086,"2":70.9708,"3":70.968},"median":{"0":70.5,"1":71.15,"2":70.94,"3":70.99},"std_dev":{"0":4.2308391603,"1":1.4190151514,"2":0.9541631726,"3":0.575590132}}