{"nb_sample":{"0":100,"1":1000,"2":2500,"3":5000},"distribution":{"0":[55.0,44.0,58.0,58.0,59.0,45.0,51.0,49.0,46.0,53.0,56.0,57.0,52.0,58.0,52.0,63.0,47.0,55.0,55.0,45.0,45.0,54.0,50.0,54.0,55.0,55.0,58.0,50.0,59.0,49.0,49.0,53.0,54.0,50.0,51.0,56.0,55.0,54.0,51.0,63.0,46.0,56.0,61.0,61.0,59.0,57.0,55.0,56.0,58.0,58.0,46.0,43.0,54.0,58.0,58.0,53.0,52.0,59.0,48.0,49.0,56.0,56.0,44.0,47.0,51.0,55.0,51.0,54.0,50.0,43.0,55.0,59.0,57.0,56.0,51.0,50.0,58.0,62.0,47.0,50.0,47.0,54.0,56.0,46.0,58.0,53.0,58.0,46.0,40.0,52.0,49.0,60.0,63.0,54.0,56.0,45.0,61.0,57.0,55.0,52.0],"1":[53.5,52.1,57.1,53.2,55.3,51.4,52.8,52.2,49.3,55.0,52.9,53.7,52.0,53.6,54.0,53.3,55.4,53.5,54.2,53.5,53.6,54.7,54.5,55.1,55.4,52.8,54.3,54.4,53.1,54.3,53.2,54.2,54.0,53.2,54.4,51.1,54.6,50.0,53.8,51.2,53.3,52.4,52.1,54.3,51.9,55.1,51.6,53.7,54.7,55.4,52.8,51.2,52.7,51.6,55.8,52.5,54.7,50.6,56.2,50.2,50.5,53.9,55.9,56.0,52.1,53.4,56.2,52.3,54.5,52.7,54.7,49.7,52.9,55.8,50.3,54.3,51.9,51.2,52.8,52.9,55.7,49.2,54.6,54.6,54.9,53.4,50.9,50.4,54.7,54.4,56.3,54.6,53.1,52.1,53.8,54.4,55.0,51.3,57.5,55.6],"2":[50.96,54.4,54.24,53.56,52.36,53.52,53.0,53.04,51.24,52.64,52.64,53.0,54.48,53.0,55.32,55.48,53.8,52.72,52.4,54.92,53.2,53.36,52.08,52.64,54.44,54.32,52.72,53.16,53.6,53.76,51.88,54.76,54.72,54.4,52.6,54.2,53.08,54.92,53.92,52.92,54.56,52.72,53.48,54.88,53.76,53.0,54.24,53.8,53.04,52.48,55.24,56.6,54.92,53.52,52.8,52.44,53.16,52.64,53.24,53.76,52.76,53.44,53.6,54.28,54.48,53.92,54.44,54.76,54.64,54.52,54.56,54.92,53.2,53.04,53.64,53.0,52.68,54.88,54.8,52.64,52.56,52.6,52.8,53.48,54.52,53.36,53.0,53.24,54.32,54.36,52.48,55.16,52.4,53.72,52.36,54.48,53.96,53.44,53.16,54.08],"3":[52.4,54.34,54.82,53.4,53.88,53.34,54.6,52.96,53.22,53.94,53.14,54.6,54.16,53.74,54.8,54.04,53.2,53.36,53.96,53.1,53.5,53.48,54.7,54.86,54.08,55.08,53.7,54.56,53.4,53.84,53.3,52.68,54.3,53.52,54.58,53.06,54.06,52.9,53.62,53.52,53.16,52.54,54.34,53.66,53.68,53.26,54.18,53.36,52.86,53.5,52.2,53.6,54.46,53.82,54.44,53.32,53.54,54.18,52.74,53.66,52.42,53.96,53.96,53.58,53.42,52.02,53.68,53.68,54.74,53.04,53.9,53.34,53.64,54.72,53.32,53.78,54.78,52.64,53.1,53.8,52.1,52.3,52.6,52.26,52.84,54.14,54.36,52.48,53.88,54.74,54.44,53.48,53.66,52.82,55.16,52.4,53.86,53.66,53.7,51.6]},"mean":{"0":53.24,"1":53.432,"2":53.5936,"3":53.6024},"median":{"0":54.0,"1":53.55,"2":53.5,"3":53.65},"std_dev":{"0":5.1266363241,"1":1.7650994306,"2":0.9774206055,"3":0.7507717629}}